rank,name,solved,recent
1,(jaehyunp),591,1
2,hongraejo,412,1605
3,shinminseon,331,25
4,ainu7,330,923
5,allenjeon,325,16
6,sungmin817,311,109
7,(ssk),307,866
8,emppu,262,142
9,(sunleonid),261,1523
10,kcm1700,257,1291
11,thkang,243,1771
12,muse,240,47
13,JiminP,238,1430
14,noxnia,234,510
15,Bubbler,234,16
16,kanie,230,464
17,Baekjoon,228,790
18,Doju,221,20
19,ipkn,218,1301
20,communia,210,1721
21,zlzmsrhak,209,221
22,Iris_harp,208,2371
23,petdrow,206,514
24,(lakshimi),206,7
25,sharb,204,2802
26,cfranck,204,6
27,l10veu,202,2580
28,changrak,201,329
29,jh05013,200,9
30,00,199,1458
31,jjhangu2,199,758
32,stenhammar,193,3505
33,eyTns,193,563
34,svchost.exe,193,191
35,uws8505,189,3379
36,(mecatos95d),188,1074
37,bumsook,186,138
38,alexum,185,2
39,veshboo,184,197
40,udaque,181,1622
41,(wooyekim),178,1939
42,skim0119,177,57
43,optimizerjerry,176,2988
44,p.istrati,176,1883
45,Breakun,170,1321
46,lem,165,1444
47,ddaker,164,2521
48,Unused,164,484
49,Teferi,161,3038
50,gok01172,160,2744
51,yongwhan,160,1157
52,kimrip,158,1026
53,choyb,157,3088
54,pjsdream,157,1136
55,zhuny,157,312
56,Frizzle,157,298
57,dalpaeng2,156,1047
58,(j1wan),153,736
59,Jungkeun,152,787
60,hillcanon,149,296
61,kjw0612,147,3189
62,absenty,142,2919
63,veblush,141,1983
64,tjfktj,141,821
65,larez,140,610
66,kyumyonglee,140,589
67,ychoi100,137,1416
68,(juncoder),134,1071
69,Kyoseon,133,2950
70,yadi0119,132,1668
71,HeeM,132,524
72,kgw0507,131,2606
73,hij8765,131,1571
74,colorized,131,534
75,(sy0414),130,765
76,Sait2000,130,68
77,bam8695,129,1102
78,hoo,128,2320
79,gsm291,128,2237
80,sehee382,127,2652
81,kazel,127,1302
82,go_to_dmc,126,19
83,rein01,125,3342
84,frigen,125,1816
85,dareun.geum,124,177
86,daewonyoon,123,884
87,daegeon,123,30
88,lifthrasiir,122,2452
89,(kth3321),121,2301
90,(chiwook),118,2077
91,kheled,117,2965
92,sutekine,117,2166
93,J.H.M.,117,113
94,EnDorphin,116,2099
95,(Byungwoo.Jeon),116,265
96,(kinetc),116,25
97,kyduke,114,205
98,DG,112,3219
99,falsetru,111,2988
100,yangbak,111,2088
101,neurome,110,1552
102,tpzcln,110,1375
103,insikk,110,1225
104,Abalcon,110,1100
105,Ainodyne,109,637
106,astein,108,378
107,teddywith,107,3153
108,PhoBiA,107,1228
109,hongsch1,107,273
110,xenosoz,106,2265
111,cdg720,106,2041
112,4135667,106,709
113,ntalbs,106,335
114,panda,105,1556
115,(pse1202),105,839
116,ehooizlo,104,1574
117,keugbang,104,376
118,dlimpid,103,2643
119,bosscq,102,1064
120,whitehwarang,102,318
121,(dalgu),102,13
122,libe,101,2109
123,joinsung,100,3704
124,sim0629,100,2741
125,nullstein,100,2493
126,(kparkeuler),100,77
127,ewmkkpe,98,2260
128,(ensual),98,2107
129,kiyohwan,97,1597
130,younghan,97,314
131,helicity,97,40
132,KimHoSik,96,3325
133,sangpaz,96,912
134,friend1226,96,200
135,subinium,96,0
136,(123harim),95,1184
137,dotorya,95,441
138,rai,94,2458
139,hwijung,94,534
140,desti,93,2017
141,king--kong,91,627
142,struessel,90,2070
143,epjs0126,90,1993
144,moon020416,90,1
145,hitel00000,89,3583
146,skxmremd,89,1620
147,techshare,88,2267
148,laputan,88,2255
149,nineclue,88,207
150,(raifthenerd),88,8
151,pkim,87,3375
152,marocchino,87,3136
153,purluno,87,3061
154,junwhan,87,2482
155,wonyoung,87,1640
156,sanhalee,87,1562
157,thechaos16,87,917
158,KAKaMK,86,3147
159,gs13068,86,1576
160,(hodduc),86,443
161,chokobole,85,3449
162,kivol,85,3332
163,chattee,85,478
164,key262yek,85,216
165,wonsik,84,1747
166,sjnam,84,1687
167,Hydrogen,84,1094
168,(wichgreen),83,2874
169,kaisyu,83,2851
170,(eulpine),83,1045
171,puella1204,83,1036
172,flagj,83,377
173,dhkim16,82,1877
174,(ksthiv),82,1598
175,T.Eom,81,3274
176,hck5209,81,2715
177,milkskin,81,1883
178,EffectiveService,81,1814
179,woongy,80,1967
180,bdares,80,989
181,About-Blank,80,349
182,danox,79,3161
183,inzilion,79,2502
184,souldreamer,79,2357
185,jeonbyungwoo,79,989
186,kjk850,78,2971
187,doodoori2,78,2320
188,(JohnSeo),78,1128
189,seongjaelee,77,2355
190,(sungjinlee),77,1871
191,sukjoony,77,1723
192,seaguy,77,1528
193,ironlung,77,1120
194,Shongky,77,915
195,ch81.song,77,378
196,birmjin.in,77,153
197,raymundo,76,2624
198,hothead,75,3065
199,nateburchell,75,2369
200,songsungkyun,75,2046
201,bingoo,75,2040
202,littlechun4,75,2031
203,solmonk,75,1642
204,ltdtl,75,1607
205,박상건,75,1046
206,YunGoon,75,292
207,kunbam09,75,0
208,zartoven,74,2715
209,vamf12,74,2568
210,(bbaa1155),74,856
211,(gs13057),74,234
212,insany,73,2891
213,dkim90,73,1974
214,xoguslwkd,73,630
215,Oscillator,72,3445
216,trif,72,1861
217,hnjang810,72,1125
218,aleph0,72,1004
219,NewPython,72,716
220,Corea,72,547
221,ssangkong,72,467
222,delfino4,72,93
223,drh,71,2999
224,motoko,71,2749
225,perryrage,71,2096
226,shwlinux,71,1694
227,jykim,71,1373
228,tapiko,71,1061
229,seul,71,797
230,proburner,71,713
231,aeromind,71,299
232,nomadlife,71,0
233,ntopia,70,3496
234,newshake,70,2984
235,jupiter7,70,1428
236,dpp5411,70,1323
237,naldo,70,913
238,changhoon,69,3062
239,sonsworld,69,2201
240,mnbv,69,1914
241,pomtech,69,1781
242,steloflute,69,1754
243,milkiss,69,1066
244,Ephemera,69,881
245,Peacemiki,69,856
246,dincal,69,522
247,rmsrk33,69,182
248,wandookong,69,159
249,dreamsboat,69,47
250,sirgrey,68,3709
251,uzhao,68,1948
252,byturn,68,1870
253,hacysean,68,1553
254,JAYS,68,1450
255,caooeep,68,1341
256,philmasterplus,68,1310
257,eminency,68,775
258,(hsm6911),68,689
259,(nersery),68,679
260,jihunroh-python,68,65
261,Chulho-Song,67,3433
262,fort726,67,3034
263,(posithinks),67,2456
264,blue9057,67,2228
265,gnitemouse,67,2049
266,ideale,67,1831
267,(soharu1024),67,1788
268,ibato,67,1657
269,heemin32,67,1593
270,thebarbershop,67,635
271,(ikisis),67,84
272,ILyoan,66,3032
273,flaugh,66,2154
274,combacsa,66,2049
275,(lemonkr),66,2045
276,StarNK,66,1674
277,irisagfe,66,1210
278,hylee,66,1098
279,greatstone,66,994
280,laytotayl,65,3213
281,gs10107,65,2468
282,yxp30,65,1641
283,bookman01,65,1187
284,cguy2000,65,950
285,espring,65,476
286,nonblock,65,239
287,deity,65,229
288,Eclipse412,64,1807
289,cramade,64,1373
290,(yeori),64,847
291,kreateark,64,609
292,eltmzhsj,64,274
293,sherhy,64,255
294,krieiter,63,2052
295,sukwoo49,63,1823
296,kchhero,63,1547
297,wsh0509,63,1285
298,jooyunghan,63,1019
299,Veckal,63,662
300,(ZTZEROS),63,641
301,jacealan,63,161
302,calvados,62,2345
303,comkiwer,62,2069
304,(kismp123),62,1687
305,swchoi06,62,1531
306,arcadia88,62,980
307,runnie0427,62,744
308,aviness,62,734
309,jw.jung,62,651
310,boyboyhoo,62,382
311,freewild,62,13
312,legend12,61,3891
313,oky,61,3187
314,i274,61,1540
315,JongMan,61,1166
316,hiparkgss,61,201
317,TaeYoung,60,2724
318,boredashell99,60,2590
319,bst1206,60,1634
320,coprime,60,1443
321,optatum,60,1215
322,zxcxz7,60,926
323,fanoyong,60,587
324,tyamazaki,60,584
325,lasher247,60,391
326,ssico7,60,385
327,totworld,59,2720
328,brp-matlab,59,1861
329,MagicalOrb,59,1789
330,protos37,59,1227
331,zephyr9,59,263
332,Holics,58,2422
333,(mighty93),58,1528
334,hakenstock,58,1379
335,(tintin5108),58,1273
336,unbing,57,3134
337,jhyun95,57,1838
338,siscos,57,1796
339,(jaehaaheaj),57,421
340,greatkes,56,3079
341,wildartist,56,3044
342,yojo1000,56,2976
343,ruwin126,56,2526
344,zidarn,56,2424
345,akmakk,56,2419
346,asimov79,56,2268
347,m.Shin,56,2045
348,(rynn5419),56,1658
349,(lkkpou),56,1341
350,luxewiz,56,591
351,qwe6580,56,233
352,mohenjo,56,54
353,kang249,55,3417
354,indrazit,55,1852
355,yeonseung.kim,55,1375
356,(DarkAngel),55,1337
357,yimjy1996,55,1217
358,shuvh,54,3330
359,shurain,54,3095
360,hongjun7,54,2575
361,Clatue,54,2463
362,(tjyoo73),54,377
363,bits_and_scraps,54,319
364,(yyc9268),54,84
365,samerook,53,3082
366,dbcat,53,2940
367,seoleda,53,2389
368,Mastojun,53,2378
369,yielding,53,2075
370,ruunak,53,1843
371,yunskim,53,1712
372,rhs0266,53,1360
373,etoilebleu06,53,1269
374,hyunhwan,53,1173
375,AmorEtSpero,53,1083
376,16spark1,53,167
377,layup,53,0
378,dish,52,3375
379,ejholic,52,3303
380,codejack,52,3219
381,deisys,52,2936
382,yoloseem,52,1174
383,(albert_park),52,1081
384,yangjy0113,52,1024
385,thumb,52,752
386,viciousagent86,52,397
387,john3374,51,2824
388,sinjimua,51,2724
389,singleheart,51,2090
390,boldragon,51,1890
391,sven_,51,1795
392,(spyrogira256),51,1715
393,eva0071,51,1640
394,glastonbury,51,1621
395,greentec,51,1593
396,ybjeon01,51,1089
397,(jins02),51,1001
398,john-scarlet,51,811
399,hjl1595,51,773
400,Yearning,51,83
401,RisingCrow,50,4109
402,wmftsa,50,3060
403,Informatica_Kim,50,2901
404,kenjin2202,50,2755
405,isAir,50,2114
406,(ff0610),50,2032
407,nhw119,50,1949
408,seunghyun,50,1933
409,Leftium,50,1867
410,akalidos,50,1395
411,jacgyver,50,1215
412,sablime,50,916
413,hoonnhun,50,617
414,shephexd,50,534
415,wishsky02,50,322
416,(ssu2016rex),50,184
417,(hssuh),50,10
418,dawnok2,49,3772
419,jms7446,49,3231
420,mysanal,49,2718
421,A.I,49,2370
422,(syyim),49,2305
423,keysu,49,2132
424,anto5710,49,825
425,keiasz,49,287
426,tubeworm,48,3483
427,inkyu,48,2362
428,codevania,48,2099
429,kjlucid,48,1553
430,irondog,48,1459
431,reiphiel,48,1129
432,mookeun,48,901
433,parkkiung123,48,647
434,(gomcheol),48,196
435,demian51,47,3508
436,bupjae,47,3206
437,Legendre,47,1913
438,kipa00,47,1276
439,Pekaz,47,124
440,(eudemonicjh),47,117
441,riverlike14,47,2
442,csk1103,46,1874
443,sorry,46,1826
444,(kjk6463),46,1612
445,(choi101104),46,920
446,hwj8963,46,566
447,paosder,46,449
448,(junnyboy2008),46,348
449,toolofthought,46,48
450,impress313,46,11
451,eju,45,3620
452,threec,45,2893
453,phg,45,2459
454,btakeya,45,2422
455,bakaas,45,2319
456,k09wang,45,2260
457,(dino1251),45,1853
458,ermaker,45,1815
459,geehoon,45,1785
460,ybbarng,45,1546
461,toyun,45,539
462,ohwi,45,160
463,iljimae,45,58
464,kimyj63,44,2969
465,changwoo,44,2116
466,linkoffate,44,2008
467,taej0127,44,920
468,(simon61),44,869
469,dyh7557,44,678
470,whdnddh,44,626
471,nas90120,44,453
472,kimdaye,44,336
473,zcxcasd,43,2307
474,sru,43,1433
475,polaris340,43,720
476,hum369,43,94
477,namejames91,42,2612
478,salqueng,42,1454
479,prime73,42,1134
480,jaeankr,42,544
481,hjlee,42,434
482,jnzs,41,3349
483,yongyeol,41,3135
484,zplanet,41,2948
485,Violet716,41,2699
486,jmpabu,41,2574
487,karekano777,41,2420
488,sooshia,41,897
489,moonbk81,41,788
490,koosaga,41,666
491,ydh0110,41,365
492,(hwane918),40,1773
493,evil872,40,1716
494,(gs13105),40,1575
495,allurecat,40,1527
496,spikewj,40,1011
497,fourwingsy,40,974
498,narsis_07,40,184
499,Rica,39,3894
500,jinho,39,3288
501,zolac,39,3084
502,Sky77,39,2468
503,bluekyu,39,1947
504,kangbosun,39,1625
505,(biscuit_03),39,1104
506,aha00a,39,546
507,(aj.haru.kim),39,324
508,(ludi685),39,128
509,icomkid,38,2957
510,ihl7029,38,2853
511,lymose,38,2787
512,bdh92123,38,2689
513,anlogo,38,2668
514,jscsmk,38,2468
515,juno1990ahn,38,2208
516,taeminhong,38,1540
517,(seungheeye),38,1059
518,yeon,38,1014
519,jongyoonl,38,154
520,wisang,37,2403
521,synthdnb,37,1623
522,hokma,37,943
523,ygy7084,37,830
524,coozplz,37,787
525,yskim,36,3375
526,jandee1115,36,3331
527,mondo,36,2953
528,driverB,36,2494
529,baesah,36,2380
530,Alslayer,36,2007
531,karvens,36,1975
532,dpddaniel95,36,1846
533,zetice,36,1785
534,Minji,36,1692
535,xbfld,36,1632
536,comemail,36,1577
537,ahnhyungseo,36,1530
538,dayrainbow94,36,1437
539,AMUMU,36,741
540,hyeongyu,36,551
541,ent25d27,36,240
542,umkek,35,3697
543,jskim,35,3275
544,keating,35,3068
545,BaeJin,35,2032
546,my1989,35,2029
547,ohyecloudy,35,1890
548,Kivoloid,35,1738
549,kevin0960,35,1652
550,Backspe,35,1525
551,lucendo,35,1298
552,bkangel,35,1294
553,c0untd0wn,35,1123
554,mani3769,35,529
555,gaten,35,399
556,crymini,35,380
557,yongwoon,34,3080
558,ishtori,34,2048
559,liquorice_,34,1880
560,(jikim99),34,1842
561,nacyot,34,1685
562,(antest_1),34,1628
563,kernel0,34,1403
564,(jyh1124),34,1161
565,ksyou496usa,34,874
566,scmaro,34,833
567,jongwoo315,34,393
568,pmon2648,34,246
569,nablon,34,42
570,normit,33,3467
571,ezid,33,3165
572,YuhoChu,33,3055
573,Informatica_Ns,33,2630
574,blueless0804,33,2554
575,bwh620,33,2501
576,snowall,33,2393
577,(boohyunkim),33,2192
578,aproxacs,33,2030
579,(nonfrench),33,1841
580,tugisuwon,33,1832
581,(leemyungheon),33,1640
582,nkcyj,33,1378
583,x86kernel,33,1285
584,(AladeenIII),33,1
585,Rio_kaizen,32,2771
586,Angel1004,32,2481
587,(lastcig),32,2406
588,(PuReumKang),32,2103
589,(dongwon412),32,1863
590,mstone81,32,1855
591,kwzhang,32,1458
592,JanAson,32,1304
593,eungkwon,32,1235
594,(minq.park),32,969
595,gijun0102,32,886
596,vernus,32,763
597,(pakcw0),32,162
598,pyvid_jsl,32,4
599,SilverCube,32,4
600,KimXeno,31,3410
601,ToePeu,31,3366
602,wildjuno,31,2807
603,IOKLO,31,2414
604,lemma,31,2354
605,rinara_yu,31,2341
606,wnsdh14,31,2327
607,(pdcafe1),31,2127
608,(F.B),31,2103
609,The.King.of.Korea,31,1826
610,(sywon),31,1807
611,shaegis,31,1430
612,myhb9188,31,1116
613,LEEEEEEEEEE,31,1068
614,wisdroid,31,1045
615,tssads,31,1044
616,jayong93,31,1036
617,controller,31,1005
618,ChihoWon,31,639
619,yechanny90,31,539
620,yous,31,345
621,altria0528,31,311
622,megi3dec,31,257
623,baru,31,0
624,dalbom,30,3321
625,kenjin2201,30,3008
626,qesone,30,2965
627,zeroxy,30,2761
628,seotos,30,2723
629,litzrsh,30,2386
630,cat1729,30,1825
631,sjyoon,30,1741
632,bloodt,30,1693
633,(azyu),30,1635
634,oysiya,30,1595
635,zedoul,30,1424
636,(rohjoon),30,1332
637,angelosck,30,1085
638,hckhck,30,521
639,greengaguri,30,267
640,mortarkombat,30,56
641,hellodj,29,3437
642,ayanami9306,29,3089
643,realnemesis,29,2708
644,kimchiman,29,2461
645,yongsung.kang,29,2415
646,(Pjw1999),29,2329
647,kjwkjw,29,486
648,adex1248,29,85
649,kwangrim.ahn,29,42
650,jsryu21,28,3267
651,bjseo1986,28,3104
652,mykenoein,28,2222
653,kylejung,28,2113
654,yjroot,28,2113
655,e9t,28,2014
656,(powereyes),28,1873
657,gs13073,28,1744
658,(xenon054),28,1650
659,gmltjd0911,28,1624
660,hics33,28,922
661,yongduek,28,899
662,akachun,28,595
663,kurishin,28,212
664,starwatcherkiwi,28,167
665,voidreamy,27,3493
666,anyzen,27,2957
667,Nerevar,27,2939
668,kiho,27,2820
669,kall,27,2530
670,jechira,27,2486
671,serishan,27,1890
672,mathicalee,27,1686
673,bongya,27,1543
674,itugs,27,1057
675,ohj6452,27,738
676,-_-a,27,683
677,wnwo9037,27,606
678,sonsidal,27,410
679,beomjin.lee,27,359
680,lovewiz,26,3614
681,har,26,3443
682,yhkim,26,3341
683,eunjung,26,3238
684,cancho,26,2707
685,(Jy Bae),26,2418
686,NeverWash,26,2291
687,juneaftn,26,2166
688,swook,26,2032
689,rEgonicS,26,1996
690,pslave1,26,1205
691,elijah6,26,1202
692,Gubug,26,1147
693,Salmonjoon,26,1127
694,zoshs7,26,1126
695,geekjun,26,1119
696,ysj9867,26,993
697,rjuny1996,26,953
698,kunsu,26,952
699,dikenande,26,885
700,ingyu1008,26,594
701,jaywalnut310,26,389
702,y3pbg,26,363
703,co7799,26,350
704,kurukaka,26,332
705,nmsheeboy007,26,208
706,myshlee417,26,187
707,jlee6741,26,18
708,deukmo,25,3943
709,shinddo,25,3672
710,three023,25,3664
711,teenage-life,25,3503
712,melongi2,25,3145
713,aberaber11,25,2937
714,S.K.Lee,25,2776
715,Informatica_phraust1612,25,2592
716,woontae,25,2558
717,msnletsgo,25,2341
718,yoojh12,25,2228
719,(TaekminKim),25,1993
720,jcseo1028,25,1920
721,raspuna,25,1739
722,w2ok78,25,1249
723,SGIL,25,1246
724,amudoan,25,964
725,(w200kr),25,938
726,ysjee95,25,574
727,algo_rithm,25,498
728,hoonho97,25,444
729,masya,25,416
730,dyxogus,25,248
731,windows,25,200
732,wipkis,25,137
733,(a41798175),25,104
734,rubymix,25,45
735,starlet,25,2
