rank,name,solved,recent
135,subinium,96,0
207,kunbam09,75,0
232,nomadlife,71,0
377,layup,53,0
623,baru,31,0
144,moon020416,90,1
1,(jaehyunp),591,1
584,(AladeenIII),33,1
38,alexum,185,2
441,riverlike14,47,2
735,starlet,25,2
598,pyvid_jsl,32,4
599,SilverCube,32,4
26,cfranck,204,6
24,(lakshimi),206,7
150,(raifthenerd),88,8
29,jh05013,200,9
417,(hssuh),50,10
450,impress313,46,11
121,(dalgu),102,13
311,freewild,62,13
15,Bubbler,234,16
5,allenjeon,325,16
707,jlee6741,26,18
82,go_to_dmc,126,19
18,Doju,221,20
3,shinminseon,331,25
96,(kinetc),116,25
87,daegeon,123,30
131,helicity,97,40
569,nablon,34,42
649,kwangrim.ahn,29,42
734,rubymix,25,45
12,muse,240,47
249,dreamsboat,69,47
449,toolofthought,46,48
352,mohenjo,56,54
640,mortarkombat,30,56
42,skim0119,177,57
463,iljimae,45,58
260,jihunroh-python,68,65
76,Sait2000,130,68
126,(kparkeuler),100,77
400,Yearning,51,83
271,(ikisis),67,84
364,(yyc9268),54,84
648,adex1248,29,85
222,delfino4,72,93
476,hum369,43,94
733,(a41798175),25,104
6,sungmin817,311,109
93,J.H.M.,117,113
440,(eudemonicjh),47,117
439,Pekaz,47,124
508,(ludi685),39,128
732,wipkis,25,137
37,bumsook,186,138
8,emppu,262,142
196,birmjin.in,77,153
519,jongyoonl,38,154
248,wandookong,69,159
462,ohwi,45,160
301,jacealan,63,161
597,(pakcw0),32,162
376,16spark1,53,167
664,starwatcherkiwi,28,167
85,dareun.geum,124,177
247,rmsrk33,69,182
416,(ssu2016rex),50,184
498,narsis_07,40,184
706,myshlee417,26,187
34,svchost.exe,193,191
434,(gomcheol),48,196
39,veshboo,184,197
134,friend1226,96,200
731,windows,25,200
316,hiparkgss,61,201
97,kyduke,114,205
149,nineclue,88,207
705,nmsheeboy007,26,208
663,kurishin,28,212
164,key262yek,85,216
21,zlzmsrhak,209,221
287,deity,65,229
351,qwe6580,56,233
211,(gs13057),74,234
286,nonblock,65,239
541,ent25d27,36,240
568,pmon2648,34,246
730,dyxogus,25,248
293,sherhy,64,255
622,megi3dec,31,257
331,zephyr9,59,263
95,(Byungwoo.Jeon),116,265
639,greengaguri,30,267
109,hongsch1,107,273
292,eltmzhsj,64,274
425,keiasz,49,287
206,YunGoon,75,292
60,hillcanon,149,296
56,Frizzle,157,298
231,aeromind,71,299
621,altria0528,31,311
55,zhuny,157,312
130,younghan,97,314
120,whitehwarang,102,318
363,bits_and_scraps,54,319
415,wishsky02,50,322
507,(aj.haru.kim),39,324
28,changrak,201,329
704,kurukaka,26,332
113,ntalbs,106,335
472,kimdaye,44,336
620,yous,31,345
448,(junnyboy2008),46,348
181,About-Blank,80,349
703,co7799,26,350
679,beomjin.lee,27,359
702,y3pbg,26,363
491,ydh0110,41,365
117,keugbang,104,376
172,flagj,83,377
362,(tjyoo73),54,377
106,astein,108,378
195,ch81.song,77,378
556,crymini,35,380
310,boyboyhoo,62,382
326,ssico7,60,385
701,jaywalnut310,26,389
325,lasher247,60,391
567,jongwoo315,34,393
386,viciousagent86,52,397
555,gaten,35,399
678,sonsidal,27,410
729,masya,25,416
339,(jaehaaheaj),57,421
481,hjlee,42,434
137,dotorya,95,441
160,(hodduc),86,443
728,hoonho97,25,444
447,paosder,46,449
471,nas90120,44,453
16,kanie,230,464
221,ssangkong,72,467
285,espring,65,476
163,chattee,85,478
48,Unused,164,484
647,kjwkjw,29,486
727,algo_rithm,25,498
14,noxnia,234,510
23,petdrow,206,514
638,hckhck,30,521
246,dincal,69,522
71,HeeM,132,524
554,mani3769,35,529
139,hwijung,94,534
414,shephexd,50,534
74,colorized,131,534
461,toyun,45,539
619,yechanny90,31,539
480,jaeankr,42,544
506,aha00a,39,546
220,Corea,72,547
540,hyeongyu,36,551
33,eyTns,193,563
446,hwj8963,46,566
726,ysjee95,25,574
324,tyamazaki,60,584
323,fanoyong,60,587
66,kyumyonglee,140,589
350,luxewiz,56,591
700,ingyu1008,26,594
662,akachun,28,595
677,wnwo9037,27,606
291,kreateark,64,609
65,larez,140,610
413,hoonnhun,50,617
470,whdnddh,44,626
141,king--kong,91,627
214,xoguslwkd,73,630
270,thebarbershop,67,635
105,Ainodyne,109,637
618,ChihoWon,31,639
300,(ZTZEROS),63,641
433,parkkiung123,48,647
309,jw.jung,62,651
299,Veckal,63,662
490,koosaga,41,666
469,dyh7557,44,678
259,(nersery),68,679
676,-_-a,27,683
258,(hsm6911),68,689
112,4135667,106,709
230,proburner,71,713
219,NewPython,72,716
475,polaris340,43,720
308,aviness,62,734
58,(j1wan),153,736
675,ohj6452,27,738
539,AMUMU,36,741
307,runnie0427,62,744
385,thumb,52,752
31,jjhangu2,199,758
596,vernus,32,763
75,(sy0414),130,765
399,hjl1595,51,773
257,eminency,68,775
524,coozplz,37,787
59,Jungkeun,152,787
489,moonbk81,41,788
17,Baekjoon,228,790
229,seul,71,797
398,john-scarlet,51,811
64,tjfktj,141,821
424,anto5710,49,825
523,ygy7084,37,830
566,scmaro,34,833
115,(pse1202),105,839
290,(yeori),64,847
210,(bbaa1155),74,856
245,Peacemiki,69,856
7,(ssk),307,866
468,(simon61),44,869
565,ksyou496usa,34,874
244,Ephemera,69,881
86,daewonyoon,123,884
699,dikenande,26,885
595,gijun0102,32,886
488,sooshia,41,897
661,yongduek,28,899
432,mookeun,48,901
133,sangpaz,96,912
237,naldo,70,913
194,Shongky,77,915
412,sablime,50,916
157,thechaos16,87,917
445,(choi101104),46,920
467,taej0127,44,920
660,hics33,28,922
4,ainu7,330,923
322,zxcxz7,60,926
725,(w200kr),25,938
522,hokma,37,943
284,cguy2000,65,950
698,kunsu,26,952
697,rjuny1996,26,953
724,amudoan,25,964
594,(minq.park),32,969
497,fourwingsy,40,974
306,arcadia88,62,980
180,bdares,80,989
185,jeonbyungwoo,79,989
696,ysj9867,26,993
279,greatstone,66,994
397,(jins02),51,1001
218,aleph0,72,1004
617,controller,31,1005
496,spikewj,40,1011
518,yeon,38,1014
298,jooyunghan,63,1019
384,yangjy0113,52,1024
52,kimrip,158,1026
171,puella1204,83,1036
616,jayong93,31,1036
615,tssads,31,1044
170,(eulpine),83,1045
614,wisdroid,31,1045
205,박상건,75,1046
57,dalpaeng2,156,1047
674,itugs,27,1057
517,(seungheeye),38,1059
228,tapiko,71,1061
119,bosscq,102,1064
243,milkiss,69,1066
613,LEEEEEEEEEE,31,1068
68,(juncoder),134,1071
36,(mecatos95d),188,1074
383,(albert_park),52,1081
375,AmorEtSpero,53,1083
637,angelosck,30,1085
396,ybjeon01,51,1089
167,Hydrogen,84,1094
278,hylee,66,1098
104,Abalcon,110,1100
77,bam8695,129,1102
505,(biscuit_03),39,1104
612,myhb9188,31,1116
695,geekjun,26,1119
193,ironlung,77,1120
553,c0untd0wn,35,1123
217,hnjang810,72,1125
694,zoshs7,26,1126
693,Salmonjoon,26,1127
188,(JohnSeo),78,1128
431,reiphiel,48,1129
479,prime73,42,1134
54,pjsdream,157,1136
692,Gubug,26,1147
51,yongwhan,160,1157
564,(jyh1124),34,1161
315,JongMan,61,1166
374,hyunhwan,53,1173
382,yoloseem,52,1174
136,(123harim),95,1184
283,bookman01,65,1187
691,elijah6,26,1202
690,pslave1,26,1205
277,irisagfe,66,1210
321,optatum,60,1215
411,jacgyver,50,1215
357,yimjy1996,55,1217
103,insikk,110,1225
330,protos37,59,1227
108,PhoBiA,107,1228
593,eungkwon,32,1235
723,SGIL,25,1246
722,w2ok78,25,1249
373,etoilebleu06,53,1269
335,(tintin5108),58,1273
438,kipa00,47,1276
297,wsh0509,63,1285
583,x86kernel,33,1285
10,kcm1700,257,1291
552,bkangel,35,1294
551,lucendo,35,1298
19,ipkn,218,1301
81,kazel,127,1302
592,JanAson,32,1304
256,philmasterplus,68,1310
45,Breakun,170,1321
236,dpp5411,70,1323
636,(rohjoon),30,1332
356,(DarkAngel),55,1337
255,caooeep,68,1341
349,(lkkpou),56,1341
372,rhs0266,53,1360
227,jykim,71,1373
289,cramade,64,1373
102,tpzcln,110,1375
355,yeonseung.kim,55,1375
582,nkcyj,33,1378
334,hakenstock,58,1379
410,akalidos,50,1395
563,kernel0,34,1403
67,ychoi100,137,1416
635,zedoul,30,1424
235,jupiter7,70,1428
13,JiminP,238,1430
611,shaegis,31,1430
474,sru,43,1433
538,dayrainbow94,36,1437
320,coprime,60,1443
46,lem,165,1444
254,JAYS,68,1450
478,salqueng,42,1454
30,00,199,1458
591,kwzhang,32,1458
430,irondog,48,1459
9,(sunleonid),261,1523
550,Backspe,35,1525
495,allurecat,40,1527
192,seaguy,77,1528
333,(mighty93),58,1528
537,ahnhyungseo,36,1530
305,swchoi06,62,1531
314,i274,61,1540
516,taeminhong,38,1540
673,bongya,27,1543
460,ybbarng,45,1546
296,kchhero,63,1547
101,neurome,110,1552
253,hacysean,68,1553
429,kjlucid,48,1553
114,panda,105,1556
156,sanhalee,87,1562
73,hij8765,131,1571
116,ehooizlo,104,1574
494,(gs13105),40,1575
159,gs13068,86,1576
536,comemail,36,1577
269,heemin32,67,1593
395,greentec,51,1593
634,oysiya,30,1595
129,kiyohwan,97,1597
174,(ksthiv),82,1598
2,hongraejo,412,1605
204,ltdtl,75,1607
444,(kjk6463),46,1612
146,skxmremd,89,1620
394,glastonbury,51,1621
40,udaque,181,1622
521,synthdnb,37,1623
659,gmltjd0911,28,1624
504,kangbosun,39,1625
562,(antest_1),34,1628
535,xbfld,36,1632
319,bst1206,60,1634
633,(azyu),30,1635
155,wonyoung,87,1640
393,eva0071,51,1640
581,(leemyungheon),33,1640
282,yxp30,65,1641
203,solmonk,75,1642
658,(xenon054),28,1650
549,kevin0960,35,1652
268,ibato,67,1657
348,(rynn5419),56,1658
70,yadi0119,132,1668
276,StarNK,66,1674
561,nacyot,34,1685
672,mathicalee,27,1686
166,sjnam,84,1687
304,(kismp123),62,1687
534,Minji,36,1692
632,bloodt,30,1693
226,shwlinux,71,1694
371,yunskim,53,1712
392,(spyrogira256),51,1715
493,evil872,40,1716
20,communia,210,1721
191,sukjoony,77,1723
548,Kivoloid,35,1738
721,raspuna,25,1739
631,sjyoon,30,1741
657,gs13073,28,1744
165,wonsik,84,1747
242,steloflute,69,1754
11,thkang,243,1771
492,(hwane918),40,1773
241,pomtech,69,1781
459,geehoon,45,1785
533,zetice,36,1785
267,(soharu1024),67,1788
329,MagicalOrb,59,1789
391,sven_,51,1795
338,siscos,57,1796
288,Eclipse412,64,1807
610,(sywon),31,1807
178,EffectiveService,81,1814
458,ermaker,45,1815
84,frigen,125,1816
295,sukwoo49,63,1823
630,cat1729,30,1825
443,sorry,46,1826
609,The.King.of.Korea,31,1826
266,ideale,67,1831
580,tugisuwon,33,1832
337,jhyun95,57,1838
579,(nonfrench),33,1841
560,(jikim99),34,1842
370,ruunak,53,1843
532,dpddaniel95,36,1846
354,indrazit,55,1852
457,(dino1251),45,1853
590,mstone81,32,1855
216,trif,72,1861
328,brp-matlab,59,1861
589,(dongwon412),32,1863
409,Leftium,50,1867
252,byturn,68,1870
190,(sungjinlee),77,1871
656,(powereyes),28,1873
442,csk1103,46,1874
173,dhkim16,82,1877
559,liquorice_,34,1880
177,milkskin,81,1883
44,p.istrati,176,1883
390,boldragon,51,1890
547,ohyecloudy,35,1890
671,serishan,27,1890
437,Legendre,47,1913
240,mnbv,69,1914
720,jcseo1028,25,1920
408,seunghyun,50,1933
41,(wooyekim),178,1939
503,bluekyu,39,1947
251,uzhao,68,1948
407,nhw119,50,1949
179,woongy,80,1967
213,dkim90,73,1974
531,karvens,36,1975
63,veblush,141,1983
143,epjs0126,90,1993
719,(TaekminKim),25,1993
689,rEgonicS,26,1996
530,Alslayer,36,2007
466,linkoffate,44,2008
655,e9t,28,2014
140,desti,93,2017
546,my1989,35,2029
578,aproxacs,33,2030
202,littlechun4,75,2031
406,(ff0610),50,2032
545,BaeJin,35,2032
688,swook,26,2032
201,bingoo,75,2040
111,cdg720,106,2041
275,(lemonkr),66,2045
347,m.Shin,56,2045
200,songsungkyun,75,2046
558,ishtori,34,2048
265,gnitemouse,67,2049
274,combacsa,66,2049
294,krieiter,63,2052
303,comkiwer,62,2069
142,struessel,90,2070
369,yielding,53,2075
90,(chiwook),118,2077
100,yangbak,111,2088
389,singleheart,51,2090
225,perryrage,71,2096
428,codevania,48,2099
94,EnDorphin,116,2099
588,(PuReumKang),32,2103
608,(F.B),31,2103
128,(ensual),98,2107
122,libe,101,2109
653,kylejung,28,2113
654,yjroot,28,2113
405,isAir,50,2114
465,changwoo,44,2116
607,(pdcafe1),31,2127
423,keysu,49,2132
273,flaugh,66,2154
687,juneaftn,26,2166
92,sutekine,117,2166
577,(boohyunkim),33,2192
239,sonsworld,69,2201
515,juno1990ahn,38,2208
652,mykenoein,28,2222
264,blue9057,67,2228
718,yoojh12,25,2228
79,gsm291,128,2237
148,laputan,88,2255
127,ewmkkpe,98,2260
456,k09wang,45,2260
110,xenosoz,106,2265
147,techshare,88,2267
346,asimov79,56,2268
686,NeverWash,26,2291
89,(kth3321),121,2301
422,(syyim),49,2305
473,zcxcasd,43,2307
455,bakaas,45,2319
187,doodoori2,78,2320
78,hoo,128,2320
606,wnsdh14,31,2327
646,(Pjw1999),29,2329
605,rinara_yu,31,2341
717,msnletsgo,25,2341
302,calvados,62,2345
604,lemma,31,2354
189,seongjaelee,77,2355
184,souldreamer,79,2357
427,inkyu,48,2362
199,nateburchell,75,2369
421,A.I,49,2370
22,Iris_harp,208,2371
368,Mastojun,53,2378
529,baesah,36,2380
629,litzrsh,30,2386
367,seoleda,53,2389
576,snowall,33,2393
520,wisang,37,2403
587,(lastcig),32,2406
603,IOKLO,31,2414
645,yongsung.kang,29,2415
685,(Jy Bae),26,2418
345,akmakk,56,2419
487,karekano777,41,2420
332,Holics,58,2422
454,btakeya,45,2422
344,zidarn,56,2424
88,lifthrasiir,122,2452
263,(posithinks),67,2456
138,rai,94,2458
453,phg,45,2459
644,kimchiman,29,2461
361,Clatue,54,2463
281,gs10107,65,2468
502,Sky77,39,2468
514,jscsmk,38,2468
586,Angel1004,32,2481
154,junwhan,87,2482
670,jechira,27,2486
125,nullstein,100,2493
528,driverB,36,2494
575,bwh620,33,2501
183,inzilion,79,2502
47,ddaker,164,2521
343,ruwin126,56,2526
669,kall,27,2530
574,blueless0804,33,2554
716,woontae,25,2558
209,vamf12,74,2568
486,jmpabu,41,2574
360,hongjun7,54,2575
27,l10veu,202,2580
318,boredashell99,60,2590
715,Informatica_phraust1612,25,2592
72,kgw0507,131,2606
477,namejames91,42,2612
197,raymundo,76,2624
573,Informatica_Ns,33,2630
118,dlimpid,103,2643
80,sehee382,127,2652
513,anlogo,38,2668
512,bdh92123,38,2689
485,Violet716,41,2699
684,cancho,26,2707
643,realnemesis,29,2708
176,hck5209,81,2715
208,zartoven,74,2715
420,mysanal,49,2718
327,totworld,59,2720
628,seotos,30,2723
317,TaeYoung,60,2724
388,sinjimua,51,2724
124,sim0629,100,2741
50,gok01172,160,2744
224,motoko,71,2749
404,kenjin2202,50,2755
627,zeroxy,30,2761
585,Rio_kaizen,32,2771
714,S.K.Lee,25,2776
511,lymose,38,2787
25,sharb,204,2802
602,wildjuno,31,2807
668,kiho,27,2820
387,john3374,51,2824
169,kaisyu,83,2851
510,ihl7029,38,2853
168,(wichgreen),83,2874
212,insany,73,2891
452,threec,45,2893
403,Informatica_Kim,50,2901
62,absenty,142,2919
381,deisys,52,2936
713,aberaber11,25,2937
667,Nerevar,27,2939
366,dbcat,53,2940
484,zplanet,41,2948
69,Kyoseon,133,2950
527,mondo,36,2953
509,icomkid,38,2957
666,anyzen,27,2957
626,qesone,30,2965
91,kheled,117,2965
464,kimyj63,44,2969
186,kjk850,78,2971
342,yojo1000,56,2976
234,newshake,70,2984
43,optimizerjerry,176,2988
99,falsetru,111,2988
223,drh,71,2999
625,kenjin2201,30,3008
272,ILyoan,66,3032
262,fort726,67,3034
49,Teferi,161,3038
341,wildartist,56,3044
572,YuhoChu,33,3055
402,wmftsa,50,3060
153,purluno,87,3061
238,changhoon,69,3062
198,hothead,75,3065
544,keating,35,3068
340,greatkes,56,3079
557,yongwoon,34,3080
365,samerook,53,3082
501,zolac,39,3084
53,choyb,157,3088
642,ayanami9306,29,3089
359,shurain,54,3095
651,bjseo1986,28,3104
336,unbing,57,3134
483,yongyeol,41,3135
152,marocchino,87,3136
712,melongi2,25,3145
158,KAKaMK,86,3147
107,teddywith,107,3153
182,danox,79,3161
571,ezid,33,3165
313,oky,61,3187
61,kjw0612,147,3189
436,bupjae,47,3206
280,laytotayl,65,3213
380,codejack,52,3219
98,DG,112,3219
419,jms7446,49,3231
683,eunjung,26,3238
650,jsryu21,28,3267
175,T.Eom,81,3274
543,jskim,35,3275
500,jinho,39,3288
379,ejholic,52,3303
624,dalbom,30,3321
132,KimHoSik,96,3325
358,shuvh,54,3330
526,jandee1115,36,3331
162,kivol,85,3332
682,yhkim,26,3341
83,rein01,125,3342
482,jnzs,41,3349
601,ToePeu,31,3366
151,pkim,87,3375
378,dish,52,3375
525,yskim,36,3375
35,uws8505,189,3379
600,KimXeno,31,3410
353,kang249,55,3417
261,Chulho-Song,67,3433
641,hellodj,29,3437
681,har,26,3443
215,Oscillator,72,3445
161,chokobole,85,3449
570,normit,33,3467
426,tubeworm,48,3483
665,voidreamy,27,3493
233,ntopia,70,3496
711,teenage-life,25,3503
32,stenhammar,193,3505
435,demian51,47,3508
145,hitel00000,89,3583
680,lovewiz,26,3614
451,eju,45,3620
710,three023,25,3664
709,shinddo,25,3672
542,umkek,35,3697
123,joinsung,100,3704
250,sirgrey,68,3709
418,dawnok2,49,3772
312,legend12,61,3891
499,Rica,39,3894
708,deukmo,25,3943
401,RisingCrow,50,4109
